-- MySQL dump 10.13  Distrib 5.7.17, for Win64 (x86_64)
--
-- Host: localhost    Database: parameter_list
-- ------------------------------------------------------
-- Server version	5.7.18-log

/*!40101 SET @OLD_CHARACTER_SET_CLIENT=@@CHARACTER_SET_CLIENT */;
/*!40101 SET @OLD_CHARACTER_SET_RESULTS=@@CHARACTER_SET_RESULTS */;
/*!40101 SET @OLD_COLLATION_CONNECTION=@@COLLATION_CONNECTION */;
/*!40101 SET NAMES utf8 */;
/*!40103 SET @OLD_TIME_ZONE=@@TIME_ZONE */;
/*!40103 SET TIME_ZONE='+00:00' */;
/*!40014 SET @OLD_UNIQUE_CHECKS=@@UNIQUE_CHECKS, UNIQUE_CHECKS=0 */;
/*!40014 SET @OLD_FOREIGN_KEY_CHECKS=@@FOREIGN_KEY_CHECKS, FOREIGN_KEY_CHECKS=0 */;
/*!40101 SET @OLD_SQL_MODE=@@SQL_MODE, SQL_MODE='NO_AUTO_VALUE_ON_ZERO' */;
/*!40111 SET @OLD_SQL_NOTES=@@SQL_NOTES, SQL_NOTES=0 */;

--
-- Table structure for table `attribute`
--

DROP TABLE IF EXISTS `attribute`;
/*!40101 SET @saved_cs_client     = @@character_set_client */;
/*!40101 SET character_set_client = utf8 */;
CREATE TABLE `attribute` (
  `Id` int(11) NOT NULL AUTO_INCREMENT,
  `Name` varchar(45) DEFAULT NULL,
  PRIMARY KEY (`Id`)
) ENGINE=InnoDB AUTO_INCREMENT=1788 DEFAULT CHARSET=utf8;
/*!40101 SET character_set_client = @saved_cs_client */;

--
-- Dumping data for table `attribute`
--

LOCK TABLES `attribute` WRITE;
/*!40000 ALTER TABLE `attribute` DISABLE KEYS */;
INSERT INTO `attribute` VALUES (1784,'nominal'),(1785,'minimum'),(1786,'maximum'),(1787,'');
/*!40000 ALTER TABLE `attribute` ENABLE KEYS */;
UNLOCK TABLES;

--
-- Table structure for table `data`
--

DROP TABLE IF EXISTS `data`;
/*!40101 SET @saved_cs_client     = @@character_set_client */;
/*!40101 SET character_set_client = utf8 */;
CREATE TABLE `data` (
  `Team_id` int(11) DEFAULT NULL,
  `System_id` int(11) DEFAULT NULL,
  `Value` varchar(200) DEFAULT NULL,
  `Status` varchar(45) DEFAULT NULL,
  `Date_modified` date DEFAULT NULL,
  `Comment` varchar(80) DEFAULT NULL,
  `Attribute_id` int(11) DEFAULT NULL,
  `Id` int(11) NOT NULL AUTO_INCREMENT,
  `Parameter_id` int(11) DEFAULT NULL,
  PRIMARY KEY (`Id`),
  KEY `fk_system_id_idx` (`System_id`),
  KEY `fk_team_id_idx` (`Team_id`),
  KEY `fk_parameter_id_idx` (`Parameter_id`),
  KEY `fk_attribute_id_idx` (`Attribute_id`),
  CONSTRAINT `fk_attribute_id` FOREIGN KEY (`Attribute_id`) REFERENCES `attribute` (`Id`) ON DELETE NO ACTION ON UPDATE NO ACTION,
  CONSTRAINT `fk_parameter_id` FOREIGN KEY (`Parameter_id`) REFERENCES `parameter` (`Id`) ON DELETE NO ACTION ON UPDATE NO ACTION,
  CONSTRAINT `fk_system_id` FOREIGN KEY (`System_id`) REFERENCES `system` (`Id`) ON DELETE NO ACTION ON UPDATE NO ACTION,
  CONSTRAINT `fk_team_id` FOREIGN KEY (`Team_id`) REFERENCES `team` (`Id`) ON DELETE NO ACTION ON UPDATE NO ACTION
) ENGINE=InnoDB AUTO_INCREMENT=11929 DEFAULT CHARSET=utf8;
/*!40101 SET character_set_client = @saved_cs_client */;

--
-- Dumping data for table `data`
--

LOCK TABLES `data` WRITE;
/*!40000 ALTER TABLE `data` DISABLE KEYS */;
INSERT INTO `data` VALUES (9504,8526,'2998.8 （s-band）','','2016-09-29','',1784,11503,7857),(9504,8526,'1','','2016-09-29','',1784,11504,7858),(9504,8526,'o.24(0.2ˉ1us可 调 ) ','','2016-09-29','',1784,11505,7859),(9504,8526,'7.2','','2016-09-29','',1784,11506,7860),(9504,8526,'300','','2016-09-29','',1785,11507,7861),(9504,8526,'0.25','','2016-09-29','',1786,11508,7862),(9504,8526,'0.5 (rms)','','2016-09-29','',1786,11509,7863),(9504,8526,'1 至 50 可调','','2016-09-29','',1785,11510,7864),(9504,8526,'70','','2016-09-29','',1786,11511,7865),(9504,8526,'100','','2016-09-29','',1786,11512,7866),(9504,8527,'0.3','','2016-09-29','',1784,11513,7867),(9504,8527,'6','','2016-09-29','',1784,11514,7868),(9504,8527,'25','','2016-09-29','',1784,11515,7869),(9504,8527,'2','','2016-09-29','',1784,11516,7864),(9504,8527,'431.842','','2016-09-29','',1784,11517,7870),(9504,8527,'4.33','','2016-09-29','',1784,11518,7871),(9504,8527,'70/70','','2016-09-29','',1784,11519,7872),(9504,8527,'720','','2016-09-29','',1784,11520,7873),(9504,8527,'499.8','','2016-09-29','',1784,11521,7874),(9504,8527,'0.694','','2016-09-29','',1784,11522,7875),(9504,8527,'4.13','','2016-09-29','',1784,11523,7876),(9504,8527,'5.8','','2016-09-29','',1785,11524,7877),(9504,8527,'TME','','2016-09-29','',1784,11525,7878),(9504,8527,'4','','2016-09-29','',1784,11526,7879),(9504,8527,'56','','2016-09-29','',1784,11527,7880),(9504,8527,'9.7','','2016-09-29','',1784,11528,7881),(9504,8527,'23.1495/5.3714','','2016-09-29','',1784,11529,7882),(9504,8527,'0.0012','','2016-09-29','',1784,11530,7883),(9504,8527,'20.7/30.9','','2016-09-29','',1784,11531,7884),(9504,8527,'0.21','','2016-09-29','',1784,11532,7885),(9504,8527,'0.0012','','2016-09-29','',1784,11533,7886),(9504,8527,'1.7622/1/1.2378','','2016-09-29','',1784,11534,7887),(9504,8527,'2.374/4.183/3.379','','2016-09-29','',1784,11535,7888),(9504,8528,'52 + 1','','2016-09-29','+1表示需 1块同样参数的备用磁铁',1784,11536,7889),(9504,8528,'3.1065','','2016-09-29','',1784,11537,7890),(9504,8528,'43.6','','2016-09-29','',1784,11538,7891),(9504,8528,'0.73','','2016-09-29','',1786,11539,7892),(9504,8528,'0.0365','','2016-09-29','',1786,11540,7893),(9504,8528,'3.5','','2016-09-29','',1784,11541,7894),(9504,8528,'27.7','','2016-09-29','',1784,11542,7895),(9504,8528,'30','','2016-09-29','',1784,11543,7896),(9504,8528,'20x26','','2016-09-29','',1784,11544,7897),(9504,8528,'3x10^-4','','2016-09-29','距 束流中心线x<=±10mm,y<=± 13mm内',1784,11545,7898),(9504,8528,'150','','2016-09-29','',1784,11546,7899),(9504,8529,'8 + 1','','2016-09-29','+1表示需 1块同样参数的备用磁铁',1784,11547,7889),(9504,8529,'1.6451','','2016-09-29','',1784,11548,7890),(9504,8529,'4.42','','2016-09-29','',1784,11549,7891),(9504,8529,'0.69','','2016-09-29','',1786,11550,7892),(9504,8529,'0.0345','','2016-09-29','',1786,11551,7893),(9504,8529,'3','','2016-09-29','',1784,11552,7894),(9504,8529,'31.87','','2016-09-29','',1784,11553,7895),(9504,8529,'34','','2016-09-29','',1784,11554,7896),(9504,8529,'20x30','','2016-09-29','',1784,11555,7897),(9504,8529,'3x10^-4','','2016-09-29','距 束流中心线x<=±10mm,y<=± 15mm内',1784,11556,7898),(9504,8529,'150','','2016-09-29','',1784,11557,7899),(9504,8530,'128 + 1','','2016-09-29','+1表示需 1块同样参数的备用磁铁',1784,11558,7889),(9504,8530,'0.3','','2016-09-29','',1784,11559,7890),(9504,8530,'30','','2016-09-29','',1786,11560,7900),(9504,8530,'15','','2016-09-29','',1784,11561,7901),(9504,8530,'13','','2016-09-29','',1784,11562,7902),(9504,8530,'5x10^-4','','2016-09-29','距束流中心线 r <=  ± 13mm内 ',1784,11563,7903),(9504,8531,'56/72 + 2','','2016-09-29','+2表示需 2块同样参数的备用磁铁',1784,11564,7904),(9504,8531,'0.15/01','','2016-09-29','',1784,11565,7905),(9504,8531,'1000','','2016-09-29','',1786,11566,7900),(9504,8531,'15','','2016-09-29','',1784,11567,7906),(9504,8531,'13','','2016-09-29','',1784,11568,7902),(9504,8531,'5x10^-4','','2016-09-29','距束流中心线 r <=  ± 13mm内 ',1784,11569,7903),(9504,8532,'64','','2016-09-29','',1784,11570,7907),(9504,8532,'30','','2016-09-29','',1784,11571,7908),(9504,8532,'0.1','','2016-09-29','',1784,11572,7890),(9504,8532,'0.1','','2016-09-29','',1786,11573,7909),(9504,8532,'26x26','','2016-09-29','',1784,11574,7910),(9504,8532,'1x10^-3','','2016-09-29','距 束流中心线x<=±13mm,y<=± 13mm内',1784,11575,7903),(9505,8533,'2','','2016-09-29','',1784,11576,7889),(9505,8533,'20','','2016-09-29','',1784,11577,7911),(9505,8533,'40','','2016-09-29','',1784,11578,7912),(9505,8533,'40','','2016-09-29','',1784,11579,7913),(9505,8533,'500','','2016-09-29','',1784,11580,7914),(9505,8533,'100','','2016-09-29','',1784,11581,7915),(9505,8533,'20','','2016-09-29','',1784,11582,7916),(9505,8534,'4','','2016-09-29','',1784,11583,7889),(9505,8534,'50','','2016-09-29','',1784,11584,7911),(9505,8534,'100','','2016-09-29','',1784,11585,7912),(9505,8534,'100','','2016-09-29','',1784,11586,7913),(9505,8534,'500','','2016-09-29','',1784,11587,7914),(9505,8534,'100','','2016-09-29','',1784,11588,7915),(9505,8534,'50','','2016-09-29','',1784,11589,7916),(9505,8535,'5','','2016-09-29','',1784,11590,7889),(9505,8535,'50','','2016-09-29','',1784,11591,7911),(9505,8535,'100','','2016-09-29','',1784,11592,7912),(9505,8535,'100','','2016-09-29','',1784,11593,7913),(9505,8535,'500','','2016-09-29','',1784,11594,7914),(9505,8535,'100','','2016-09-29','',1784,11595,7915),(9505,8535,'50','','2016-09-29','',1784,11596,7916),(9505,8536,'128','','2016-09-29','',1784,11597,7889),(9505,8536,'50','','2016-09-29','',1784,11598,7911),(9505,8536,'100','','2016-09-29','',1784,11599,7912),(9505,8536,'100','','2016-09-29','',1784,11600,7913),(9505,8536,'500','','2016-09-29','',1784,11601,7914),(9505,8536,'100','','2016-09-29','',1784,11602,7915),(9505,8536,'50','','2016-09-29','',1784,11603,7916),(9507,8537,'0.15','','2016-09-29','',1786,11604,7917),(9507,8537,'0.2','','2016-09-29','',1786,11605,7918),(9507,8537,'0.2','','2016-09-29','',1786,11606,7919),(9507,8537,'0.2','','2016-09-29','',1786,11607,7920),(9507,8537,'0.15','','2016-09-29','',1786,11608,7921),(9507,8537,'0.2','','2016-09-29','',1786,11609,7922),(9507,8537,'0.2','','2016-09-29','',1786,11610,7923),(9507,8537,'0.15','','2016-09-29','',1786,11611,7924),(9507,8537,'0.2','','2016-09-29','',1786,11612,7925),(9507,8537,'0.2','','2016-09-29','',1786,11613,7926),(9507,8537,'0.5','','2016-09-29','',1786,11614,7927),(9507,8537,'0.2','','2016-09-29','',1786,11615,7928),(9507,8537,'0.2','','2016-09-29','',1786,11616,7929),(9508,8538,'100x26','','2016-09-29','',1784,11617,7930),(9508,8538,'151.54','','2016-09-29','',1784,11618,7931),(9508,8538,'40x30','','2016-09-29','',1784,11619,7932),(9508,8538,'13.16','','2016-09-29','',1784,11620,7933),(9508,8538,'26','','2016-09-29','',1784,11621,7934),(9508,8538,'2x10^-8','','2016-09-29','',1785,11622,7935),(9504,8539,'1','','2016-09-29','',1784,11623,7936),(9504,8539,'1','','2016-09-29','',1784,11624,7937),(9504,8539,'4','','2016-09-29','',1784,11625,7938),(9504,8539,'3','','2016-09-29','',1784,11626,7939),(9504,8539,'0.5','','2016-09-29','',1784,11627,7940),(9504,8539,'0.02','','2016-09-29','',1784,11628,7941),(9504,8539,'0.7','','2016-09-29','',1784,11629,7942),(9504,8539,'0.2','','2016-09-29','',1784,11630,7943),(9504,8539,'0.6','','2016-09-29','',1784,11631,7944),(9504,8539,'0.04','','2016-09-29','',1784,11632,7945),(9504,8539,'0.4','','2016-09-29','',1784,11633,7946),(9504,8539,'0.25','','2016-09-29','',1784,11634,7947),(9504,8539,'1','','2016-09-29','',1784,11635,7948),(9504,8539,'0.9','','2016-09-29','',1784,11636,7949),(9504,8539,'1','','2016-09-29','',1784,11637,7950),(9504,8539,'1.1','','2016-09-29','',1784,11638,7951),(9504,8539,'50','','2016-09-29','',1784,11639,7952),(9504,8539,'直线每次注入1个束团,脉冲长度 (ˉ),共 注入 5个束团,用时 100ms,5次 注入 5个束团,间隔均匀 (48ns)','','2016-09-29','',1784,11640,7953),(9504,8539,'直线每次注入6个束团,电荷总量与模式1相同,两个束团间距 48ns,脉冲长度48*(6-1)=240ns, 5次 共注入30个束团,均匀填充全环 (束团间隔 48ns)','','2016-09-29','',1784,11641,7954),(9504,8539,'脉冲上升时间48ns,顶宽40ns,下降时间48ns，梯形波。 ','','2016-09-29','',1784,11642,7955),(9504,8539,'2','','2016-09-29','',1784,11643,7956),(9504,8539,'磁铁电源波形为梯形波,上升时间150ms,顶 宽 100ms, 下降时间150ms,总 宽度500ms','','2016-09-29','',1784,11644,7957),(9504,8539,'逐束团引出，引出kcker底宽不大于96ns','','2016-09-29','',1784,11645,7958),(9509,8540,'1','','2016-09-29','',1784,11646,7959),(9509,8540,'1','','2016-09-29','',1784,11647,7960),(9509,8540,'1','','2016-09-29','',1784,11648,7961),(9509,8540,'10','','2016-09-29','',1784,11649,7962),(9509,8540,'128','','2016-09-29','',1784,11650,7963),(9509,8540,'1','','2016-09-29','',1784,11651,7889),(9510,8541,'5.8','','2016-09-29','',1785,11652,7964),(9510,8541,'103.5','','2016-09-29','',1785,11653,7965),(9510,8541,'± 1','','2016-09-29','',1786,11654,7966),(9510,8541,'± 1','','2016-09-29','',1786,11655,7967),(9510,8541,'5','','2016-09-29','',1786,11656,7968),(9512,8543,'周长432m,隧道宽度 4m,按总流强25mA,能量 6GeV设计辐射防护,注入区域按注入效率 70%进行计算。每 9秒注入 1次,每次注入 25mA。 冷却水要求±5℃, 隧道温度稳定性要求±0.5','','2016-09-29','',1784,11658,7970),(9504,8544,'17.7','','2016-09-29','',1784,11659,7971),(9504,8544,'20','','2016-09-29','',1786,11660,7972),(9504,8544,'20','','2016-09-29','',1786,11661,7973),(9504,8544,'1.4','','2016-09-29','',1786,11662,7974),(9508,8545,'1x10^-7','','2016-09-29','',1786,11663,7975),(9504,8546,'1','','2016-09-29','参数要求见增强器相关系统参数',1784,11664,7889),(9504,8547,'1','','2016-09-29','双开关偏转二极铁',1784,11665,7889),(9504,8547,'0.5','','2016-09-29','',1784,11666,7890),(9504,8547,'16','','2016-09-29','',1784,11667,7891),(9504,8547,'25','','2016-09-29','',1784,11668,7896),(9504,8547,'15','','2016-09-29','',1784,11669,7976),(9504,8547,'20x20','','2016-09-29','',1784,11670,7910),(9504,8547,'0.52','','2016-09-29','',1786,11671,7977),(9504,8547,'3x10^-4','','2016-09-29','距 束流中心线x<=±10mm,y<=± 10mm内',1784,11672,7898),(9504,8548,'10','','2016-09-29','',1784,11673,7889),(9504,8548,'0.3','','2016-09-29','',1784,11674,7890),(9504,8548,'50','','2016-09-29','',1784,11675,7978),(9504,8548,'46','','2016-09-29','3倍束团尺寸+4mm轨道误差',1784,11676,7979),(9504,8548,'7','','2016-09-29','',1786,11677,7980),(9504,8548,'5x10^-4','','2016-09-29','距束流中心线 r<=±23mm内',1784,11678,7898),(9504,8549,'5/4','','2016-09-29','',1784,11679,7981),(9504,8549,'0.1','','2016-09-29','',1784,11680,7890),(9504,8549,'0.03','','2016-09-29','',1786,11681,7977),(9504,8549,'3','','2016-09-29','',1786,11682,7982),(9504,8549,'23x23','','2016-09-29','3倍束团尺寸+4mm轨道误差',1784,11683,7910),(9504,8549,'1x10^-3','','2016-09-29','距 束流中心线x<=±23mm,y<=± 23mm内',1784,11684,7898),(9505,8550,'20','','2016-09-29','',1784,11685,7911),(9505,8550,'40','','2016-09-29','',1784,11686,7912),(9505,8550,'40','','2016-09-29','',1784,11687,7913),(9505,8550,'500','','2016-09-29','',1784,11688,7914),(9505,8550,'100','','2016-09-29','',1784,11689,7915),(9505,8550,'20','','2016-09-29','',1784,11690,7916),(9505,8551,'50','','2016-09-29','',1784,11691,7911),(9505,8551,'100','','2016-09-29','',1784,11692,7912),(9505,8551,'100','','2016-09-29','',1784,11693,7913),(9505,8551,'500','','2016-09-29','',1784,11694,7914),(9505,8551,'100','','2016-09-29','',1784,11695,7915),(9505,8551,'50','','2016-09-29','',1784,11696,7916),(9505,8552,'50','','2016-09-29','',1784,11697,7911),(9505,8552,'100','','2016-09-29','',1784,11698,7912),(9505,8552,'100','','2016-09-29','',1784,11699,7913),(9505,8552,'500','','2016-09-29','',1784,11700,7914),(9505,8552,'100','','2016-09-29','',1784,11701,7915),(9505,8552,'50','','2016-09-29','',1784,11702,7916),(9507,8553,'0.2','','2016-09-29','',1786,11703,7983),(9507,8553,'0.2','','2016-09-29','',1786,11704,7984),(9507,8553,'0.2','','2016-09-29','',1786,11705,7918),(9507,8553,'0.4','','2016-09-29','',1786,11706,7985),(9507,8553,'0.4','','2016-09-29','',1786,11707,7986),(9507,8553,'0.4','','2016-09-29','',1786,11708,7987),(9507,8553,'0.2','','2016-09-29','',1786,11709,7988),(9507,8553,'0.2','','2016-09-29','',1786,11710,7989),(9507,8553,'0.2','','2016-09-29','',1786,11711,7922),(9507,8553,'0.4','','2016-09-29','',1786,11712,7990),(9507,8553,'0.4','','2016-09-29','',1786,11713,7991),(9507,8553,'0.4','','2016-09-29','',1786,11714,7992),(9507,8553,'0.2','','2016-09-29','',1786,11715,7993),(9507,8553,'0.2','','2016-09-29','',1786,11716,7994),(9507,8553,'0.2','','2016-09-29','',1786,11717,7928),(9507,8553,'0.4','','2016-09-29','',1786,11718,7995),(9507,8553,'0.4','','2016-09-29','',1786,11719,7996),(9507,8553,'0.4','','2016-09-29','',1786,11720,7997),(9504,8554,'44.22','','2016-09-29','',1784,11721,7971),(9509,8554,'10','','2016-09-29','',1785,11722,7998),(9508,8555,'1x10^-7','','2016-09-29','',1786,11723,7975),(9504,8556,'2','','2016-09-29','',1784,11724,7889),(9504,8556,'1.5','','2016-09-29','',1784,11725,7890),(9504,8556,'21','','2016-09-29','',1784,11726,7891),(9504,8556,'20','','2016-09-29','',1784,11727,7896),(9504,8556,'6.43','','2016-09-29','',1784,11728,7976),(9504,8556,'30x16','','2016-09-29','',1784,11729,7910),(9504,8556,'1.5','','2016-09-29','',1786,11730,7977),(9504,8556,'3x10^-4','','2016-09-29','距 束流中心线x<=±15mm,y<=± 10mm内',1784,11731,7898),(9504,8557,'15','','2016-09-29','',1784,11732,7889),(9504,8557,'0.45','','2016-09-29','',1784,11733,7890),(9504,8557,'40','','2016-09-29','',1784,11734,7999),(9504,8557,'30','','2016-09-29','',1784,11735,7979),(9504,8557,'40','','2016-09-29','',1786,11736,7980),(9504,8557,'5x10^-4','','2016-09-29','距束流中心线 r<=±15mm内',1784,11737,7898),(9504,8558,'5/4','','2016-09-29','',1784,11738,7981),(9504,8558,'0.1','','2016-09-29','',1784,11739,7890),(9504,8558,'0.2','','2016-09-29','',1786,11740,7977),(9504,8558,'1','','2016-09-29','',1786,11741,7982),(9504,8558,'40x40','','2016-09-29','',1784,11742,7910),(9504,8558,'±1x10^-3','','2016-09-29','距 束流中心线x<=±20mm,y<=± 20mm内',1784,11743,7898),(9505,8559,'20','','2016-09-29','',1784,11744,7911),(9505,8559,'40','','2016-09-29','',1784,11745,7912),(9505,8559,'40','','2016-09-29','',1784,11746,7913),(9505,8559,'500','','2016-09-29','',1784,11747,7914),(9505,8559,'100','','2016-09-29','',1784,11748,7915),(9505,8559,'20','','2016-09-29','',1784,11749,7916),(9505,8560,'50','','2016-09-29','',1784,11750,7911),(9505,8560,'100','','2016-09-29','',1784,11751,7912),(9505,8560,'100','','2016-09-29','',1784,11752,7913),(9505,8560,'500','','2016-09-29','',1784,11753,7914),(9505,8560,'100','','2016-09-29','',1784,11754,7915),(9505,8560,'50','','2016-09-29','',1784,11755,7916),(9505,8561,'50','','2016-09-29','',1784,11756,7911),(9505,8561,'100','','2016-09-29','',1784,11757,7912),(9505,8561,'100','','2016-09-29','',1784,11758,7913),(9505,8561,'500','','2016-09-29','',1784,11759,7914),(9505,8561,'100','','2016-09-29','',1784,11760,7915),(9505,8561,'50','','2016-09-29','',1784,11761,7916),(9507,8562,'0.2','','2016-09-29','',1786,11762,7983),(9507,8562,'0.2','','2016-09-29','',1786,11763,7984),(9507,8562,'0.2','','2016-09-29','',1786,11764,7918),(9507,8562,'0.2','','2016-09-29','',1786,11765,7985),(9507,8562,'0.2','','2016-09-29','',1786,11766,7986),(9507,8562,'0.2','','2016-09-29','',1786,11767,7987),(9507,8562,'0.15','','2016-09-29','',1786,11768,7988),(9507,8562,'0.15','','2016-09-29','',1786,11769,7989),(9507,8562,'0.2','','2016-09-29','',1786,11770,7922),(9507,8562,'0.2','','2016-09-29','',1786,11771,7990),(9507,8562,'0.2','','2016-09-29','',1786,11772,7991),(9507,8562,'0.2','','2016-09-29','',1786,11773,7992),(9507,8562,'0.2','','2016-09-29','',1786,11774,7993),(9507,8562,'0.2','','2016-09-29','',1786,11775,7994),(9507,8562,'0.2','','2016-09-29','',1786,11776,7928),(9507,8562,'0.4','','2016-09-29','',1786,11777,7995),(9507,8562,'0.4','','2016-09-29','',1786,11778,7996),(9507,8562,'0.4','','2016-09-29','',1786,11779,7997),(9504,8563,'6','','2016-09-29','',1784,11780,8000),(9504,8563,'200','','2016-09-29','',1784,11781,8001),(9504,8563,'648/60','','2016-09-29','',1784,11782,8002),(9504,8563,'1295.6','','2016-09-29','',1784,11783,8003),(9504,8563,'1.37/1.0/1.63','','2016-09-29','',1784,11784,8004),(9504,8563,'59.4','','2016-09-29','',1784,11785,8005),(9504,8563,'116.16/41.12/0.0029','','2016-09-29','',1784,11786,8006),(9504,8563,'-214/-133','','2016-09-29','',1784,11787,8007),(9504,8563,'48','','2016-09-29','',1784,11788,8008),(9504,8563,'48','','2016-09-29','',1784,11789,8009),(9504,8563,'9/3.2','','2016-09-29','',1784,11790,8010),(9504,8563,'18.9/25.9/15.9','','2016-09-29','',1784,11791,8011),(9504,8563,'1.995','','2016-09-29','',1784,11792,8012),(9504,8563,'2.5','','2016-09-29','',1784,11793,8013),(9504,8563,'500','','2016-09-29','',1784,11794,8014),(9504,8563,'7.97x10^-4','','2016-09-29','',1784,11795,8015),(9504,8563,'3.74x10^-5','','2016-09-29','',1784,11796,7886),(9504,8563,'0.88/2.65','','2016-09-29','对应不考虑插入件,每圈同步辐射能量损失为2.0MV的 情况',1784,11797,8016),(9504,8563,'166.6','','2016-09-29','',1784,11798,8017),(9504,8563,'2.64/-0.53','','2016-09-29','对应不考虑插入件,每圈同步辐射能量损失为2.0MV的 情况',1784,11799,8018),(9504,8563,'499.8','','2016-09-29','',1784,11800,8019),(9504,8563,'720','','2016-09-29','',1784,11801,7873),(9504,8563,'2.8/32','','2016-09-29','',1784,11802,8020),(9504,8564,'2*48 + 1','','2016-09-29','+1表示需 1块同样参数的备用磁铁',1784,11803,7889),(9504,8564,'1.571','','2016-09-29','',1784,11804,8021),(9504,8564,'4.3','','2016-09-29','',1784,11805,7891),(9504,8564,'0.0219','','2016-09-29','',1784,11806,8022),(9504,8564,'5','','2016-09-29','',1784,11807,8023),(9504,8564,'0.5054/0.2888/0.2407/0.1925/0.1683','','2016-09-29','',1784,11808,8024),(9504,8564,'27x22','','2016-09-29','',1784,11809,7897),(9504,8564,'3x10^-4','','2016-09-29','',1784,11810,8025),(9504,8564,'2x10^-4','','2016-09-29','距 束流中心线x<=±12mm,y<=± 10mm内',1784,11811,8026),(9504,8564,'0.01','','2016-09-29','',1784,11812,8027),(9504,8565,'2*48 + 1','','2016-09-29','+1表示需 1块同样参数的备用磁铁',1784,11813,7889),(9504,8565,'1.571','','2016-09-29','',1784,11814,8021),(9504,8565,'4.3','','2016-09-29','',1784,11815,7891),(9504,8565,'0.0219','','2016-09-29','',1784,11816,8022),(9504,8565,'5','','2016-09-29','',1784,11817,8023),(9504,8565,'0.1683/0.1925/0.2407/0.2888/0.5054','','2016-09-29','',1784,11818,8024),(9504,8565,'27x22','','2016-09-29','',1784,11819,7897),(9504,8565,'3x10^-4','','2016-09-29','',1784,11820,8025),(9504,8565,'2x10^-4','','2016-09-29','距 束流中心线x<=±12mm,y<=± 10mm内',1784,11821,8026),(9504,8565,'0.01','','2016-09-29','',1784,11822,8027),(9504,8566,'2*48 + 1','','2016-09-29','+1表示需 1块同样参数的备用磁铁',1784,11823,7889),(9504,8566,'0.786','','2016-09-29','',1784,11824,8021),(9504,8566,'2.4','','2016-09-29','',1784,11825,7891),(9504,8566,'0.0123','','2016-09-29','',1784,11826,8028),(9504,8566,'0.313','','2016-09-29','',1784,11827,8029),(9504,8566,'44.9','','2016-09-29','',1784,11828,8030),(9504,8566,'63.9','','2016-09-29','',1784,11829,7895),(9504,8566,'22x22','','2016-09-29','',1784,11830,7897),(9504,8566,'3x10^-4','','2016-09-29','',1784,11831,8025),(9504,8566,'3x10^-4','','2016-09-29','距束流中心线 r<=±7mm内',1784,11832,8031),(9504,8567,'1*48+1','','2016-09-29','+1表示需 1块同样参数的备用磁铁',1784,11833,7889),(9504,8567,'0.786','','2016-09-29','',1784,11834,8021),(9504,8567,'1.8','','2016-09-29','',1784,11835,7891),(9504,8567,'0.0159','','2016-09-29','',1784,11836,8028),(9504,8567,'0.4753','','2016-09-29','',1784,11837,8029),(9504,8567,'44','','2016-09-29','',1784,11838,8030),(9504,8567,'42','','2016-09-29','',1784,11839,7895),(9504,8567,'22x22','','2016-09-29','',1784,11840,7897),(9504,8567,'3x10^-4','','2016-09-29','',1784,11841,8025),(9504,8567,'3x10^-4','','2016-09-29','距束流中心线 r<=±7mm内',1784,11842,8031),(9504,8568,'（2+2）*48+2','','2016-09-29','+2表示需 2块同样参数的备用磁铁, 括弧内是每个7BA单 元节内不同长度磁铁 ',1784,11843,7889),(9504,8568,'0.360/0.694','','2016-09-29','',1784,11844,8032),(9504,8568,'80','','2016-09-29','',1786,11845,8033),(9504,8568,'16x16','','2016-09-29','',1784,11846,7897),(9504,8568,'11','','2016-09-29','',1785,11847,8034),(9504,8568,'2x10^-4','','2016-09-29','距束流中心线 r<=±7mm内',1784,11848,8031),(9504,8569,'(2+2+8)*48+3','','2016-09-29','+3表示需 3块同样参数的备用磁铁, 括弧内是每个7BA单 元节内不同长度磁铁 ',1784,11849,7889),(9504,8569,'0.31/0.18/0.23','','2016-09-29','',1784,11850,8032),(9504,8569,'52','','2016-09-29','',1786,11851,8033),(9504,8569,'22x22','','2016-09-29','',1784,11852,7897),(9504,8569,'11','','2016-09-29','',1785,11853,8034),(9504,8569,'2x10^-4','','2016-09-29','距束流中心线 r<=±10mm内',1784,11854,8031),(9504,8570,'3*2*48+2','','2016-09-29','+2表示需 2块同样参数的备用磁铁, 括弧内是每个7BA单 元节内不同长度磁铁 ',1784,11855,7889),(9504,8570,'0.25/0.25/0.34','','2016-09-29','',1784,11856,8032),(9504,8570,'-4181.2/-3322.3/3433.6','','2016-09-29','',1784,11857,8030),(9504,8570,'22x22','','2016-09-29','',1784,11858,7897),(9504,8570,'11','','2016-09-29','',1785,11859,8034),(9504,8570,'3x10^-4','','2016-09-29','距束流中心线 r<=±10mm内',1784,11860,8035),(9504,8571,'1*2*48+1','','2016-09-29','+1表示需 1块同样参数的备用磁铁',1784,11861,7889),(9504,8571,'0.26','','2016-09-29','',1784,11862,8032),(9504,8571,'-23416','','2016-09-29','',1784,11863,8030),(9504,8571,'22x22','','2016-09-29','',1784,11864,7897),(9504,8571,'11','','2016-09-29','',1785,11865,8034),(9504,8571,'5x10^-4','','2016-09-29','距束流中心线 r<=±10mm内',1784,11866,8036),(9504,8572,'3*48','','2016-09-29','',1784,11867,7889),(9504,8572,'0.1','','2016-09-29','',1784,11868,8032),(9504,8572,'0.15','','2016-09-29','',1786,11869,8037),(9504,8572,'22x22','','2016-09-29','',1784,11870,7897),(9504,8573,'3*2*48','','2016-09-29','',1784,11871,7889),(9504,8573,'0.25/0.25/0.34','','2016-09-29','',1784,11872,8032),(9504,8573,'0.15','','2016-09-29','',1786,11873,8037),(9504,8573,'22x22','','2016-09-29','',1784,11874,7897),(9505,8574,'100','','2016-09-29','absolute accuracy referred to Imax',1784,11875,8038),(9505,8574,'10','','2016-09-29','stability referred to Imax',1784,11876,8039),(9505,8574,'15','','2016-09-29','stability referred to Imax',1784,11877,8040),(9505,8574,'25','','2016-09-29','stability referred to Imax',1784,11878,8041),(9505,8574,'25','','2016-09-29','reproducibility referred to Imax',1784,11879,7913),(9505,8574,'5','','2016-09-29','current ripple referred to Imax, 50 Hz and greater',1784,11880,8042),(9505,8574,'根据实际情况分组 ','','2016-09-29','',1784,11881,8043),(9505,8575,'100','','2016-09-29','absolute accuracy referred to Imax',1784,11882,8038),(9505,8575,'20','','2016-09-29','stability referred to Imax',1784,11883,8039),(9505,8575,'30','','2016-09-29','stability referred to Imax',1784,11884,8040),(9505,8575,'50','','2016-09-29','stability referred to Imax',1784,11885,8041),(9505,8575,'50','','2016-09-29','reproducibility referred to Imax',1784,11886,7913),(9505,8575,'15','','2016-09-29','current ripple referred to Imax, 50 Hz and greater',1784,11887,8042),(9505,8575,' (16块 Q铁/7BA*48个7BA)独 立供电 ','','2016-09-29','',1784,11888,8043),(9505,8576,'100','','2016-09-29','absolute accuracy referred to Imax',1784,11889,8038),(9505,8576,'50','','2016-09-29','stability referred to Imax',1784,11890,8039),(9505,8576,'50','','2016-09-29','stability referred to Imax',1784,11891,8040),(9505,8576,'100','','2016-09-29','stability referred to Imax',1784,11892,8041),(9505,8576,'100','','2016-09-29','reproducibility referred to Imax',1784,11893,7913),(9505,8576,'15','','2016-09-29','current ripple referred to Imax, 50 Hz and greater',1784,11894,8042),(9505,8576,'分12组,每组独立供电 ','','2016-09-29','',1784,11895,8043),(9505,8577,'100','','2016-09-29','absolute accuracy referred to Imax',1784,11896,8038),(9505,8577,'50','','2016-09-29','stability referred to Imax',1784,11897,8039),(9505,8577,'50','','2016-09-29','stability referred to Imax',1784,11898,8040),(9505,8577,'100','','2016-09-29','stability referred to Imax',1784,11899,8041),(9505,8577,'100','','2016-09-29','reproducibility referred to Imax',1784,11900,7913),(9505,8577,'15','','2016-09-29','current ripple referred to Imax, 50 Hz and greater',1784,11901,8042),(9505,8577,'分4组,每组独立供电 ','','2016-09-29','',1784,11902,8043),(9505,8578,'100','','2016-09-29','absolute accuracy referred to Imax',1784,11903,8038),(9505,8578,'25','','2016-09-29','stability referred to Imax, 小信号带寛: 500Hz, 大信号带宽: 10Hz',1784,11904,8039),(9505,8578,'50','','2016-09-29','stability referred to Imax, 小信号带寛: 500Hz, 大信号带宽: 10Hz',1784,11905,8040),(9505,8578,'100','','2016-09-29','stability referred to Imax, 小信号带寛: 500Hz, 大信号带宽: 10Hz',1784,11906,8041),(9505,8578,'100','','2016-09-29','reproducibility referred to Imax',1784,11907,7913),(9505,8578,'20','','2016-09-29','current ripple referred to Imax, 50 Hz and greater',1784,11908,8042),(9505,8578,'所有校正子电源独立供电 (13个校正子/7BA*48个7BA）','','2016-09-29','',1784,11909,8043),(9505,8579,'100','','2016-09-29','absolute accuracy referred to Imax',1784,11910,8038),(9505,8579,'25','','2016-09-29','stability referred to Imax, 小信号带寛: 10kHz, 大信号带宽: 100Hz',1784,11911,8039),(9505,8579,'50','','2016-09-29','stability referred to Imax, 小信号带寛: 10kHz, 大信号带宽: 100Hz',1784,11912,8040),(9505,8579,'100','','2016-09-29','stability referred to Imax, 小信号带寛: 10kHz, 大信号带宽: 100Hz',1784,11913,8041),(9505,8579,'100','','2016-09-29','reproducibility referred to Imax',1784,11914,7913),(9505,8579,'20','','2016-09-29','current ripple referred to Imax, 50 Hz and greater',1784,11915,8042),(9508,8580,'1x10^-9','','2016-09-29','',1786,11916,7975),(9508,8580,'20','','2016-09-29','',1785,11917,8044),(9508,8580,'27x22','','2016-09-29','',1784,11918,7930),(9508,8580,'22x22','','2016-09-29','',1784,11919,8045),(9504,8581,'6','','2016-09-29','',1784,11920,8046),(9504,8581,'200','','2016-09-29','',1784,11921,8047),(9504,8581,'6','','2016-09-29','',1784,11922,8048),(9504,8581,'720','','2016-09-29','',1784,11923,8049),(9504,8581,'648','','2016-09-29','',1784,11924,8050),(9504,8581,'6','','2016-09-29','',1784,11925,8051),(9504,8581,'6','','2016-09-29','',1784,11926,8052),(9504,8581,'3','','2016-09-29','',1784,11927,8053),(9504,8581,'水平','','2016-09-29','',1784,11928,8054);
/*!40000 ALTER TABLE `data` ENABLE KEYS */;
UNLOCK TABLES;

--
-- Table structure for table `manager`
--

DROP TABLE IF EXISTS `manager`;
/*!40101 SET @saved_cs_client     = @@character_set_client */;
/*!40101 SET character_set_client = utf8 */;
CREATE TABLE `manager` (
  `Id` int(11) NOT NULL AUTO_INCREMENT,
  `Name` varchar(45) DEFAULT NULL,
  PRIMARY KEY (`Id`)
) ENGINE=InnoDB AUTO_INCREMENT=4726 DEFAULT CHARSET=utf8;
/*!40101 SET character_set_client = @saved_cs_client */;

--
-- Dumping data for table `manager`
--

LOCK TABLES `manager` WRITE;
/*!40000 ALTER TABLE `manager` DISABLE KEYS */;
INSERT INTO `manager` VALUES (4723,'张三'),(4724,'李四'),(4725,'');
/*!40000 ALTER TABLE `manager` ENABLE KEYS */;
UNLOCK TABLES;

--
-- Table structure for table `parameter`
--

DROP TABLE IF EXISTS `parameter`;
/*!40101 SET @saved_cs_client     = @@character_set_client */;
/*!40101 SET character_set_client = utf8 */;
CREATE TABLE `parameter` (
  `Id` int(11) NOT NULL AUTO_INCREMENT,
  `Name` varchar(45) DEFAULT NULL,
  `Unit_id` int(11) DEFAULT NULL,
  `Definition` varchar(100) DEFAULT NULL,
  `Date_modified` date DEFAULT NULL,
  `Reference_id` int(11) DEFAULT NULL,
  PRIMARY KEY (`Id`),
  KEY `fk_unit_id` (`Unit_id`),
  KEY `fk_reference_id_idx` (`Reference_id`),
  CONSTRAINT `fk_reference_id` FOREIGN KEY (`Reference_id`) REFERENCES `reference` (`Id`) ON DELETE NO ACTION ON UPDATE NO ACTION,
  CONSTRAINT `fk_unit_id` FOREIGN KEY (`Unit_id`) REFERENCES `unit` (`Id`) ON DELETE NO ACTION ON UPDATE NO ACTION
) ENGINE=InnoDB AUTO_INCREMENT=8055 DEFAULT CHARSET=utf8;
/*!40101 SET character_set_client = @saved_cs_client */;

--
-- Dumping data for table `parameter`
--

LOCK TABLES `parameter` WRITE;
/*!40000 ALTER TABLE `parameter` DISABLE KEYS */;
INSERT INTO `parameter` VALUES (7857,'工作频率',3098,'','2017-06-15',2629),(7858,'束流脉宽',3099,'','2017-06-15',2629),(7859,'束团串长度',3100,'','2017-06-15',2629),(7860,'束团串总电荷',3101,'','2017-06-15',2629),(7861,'输出能量',3102,'','2017-06-15',2629),(7862,'束团间能量偏差',3103,'','2017-06-15',2629),(7863,'出口相对能散',3103,'','2017-06-15',2629),(7864,'重复频率',3104,'','2017-06-15',2630),(7865,'非归一化发射度',3105,'','2017-06-15',2629),(7866,'束团抵达出口时间偏差',3106,'','2017-06-15',2629),(7867,'注入能量',3107,'','2017-06-15',2630),(7868,'引出能量',3107,'','2017-06-15',2630),(7869,'注入流强(多束团模式)',3108,'','2017-06-15',2630),(7870,'周长',3109,'','2017-06-15',2630),(7871,'自然发射度(6GeV)',3105,'','2017-06-15',2630),(7872,'注入束几何发射度(H/V)',3105,'','2017-06-15',2630),(7873,'谐波数',3110,'','2017-06-15',2630),(7874,'高频频率',3098,'','2017-06-15',2630),(7875,'回旋频率',3098,'','2017-06-15',2630),(7876,'单圈能量损失',3102,'','2017-06-15',2630),(7877,'RF电压',3111,'','2017-06-15',2630),(7878,'Lattice结构',3110,'','2017-06-15',2630),(7879,'超周期数',3110,'','2017-06-15',2630),(7880,'单元数',3110,'','2017-06-15',2630),(7881,'最大直线节长度',3109,'','2017-06-15',2630),(7882,'横向工作点',3110,'','2017-06-15',2630),(7883,'自然动量分散',3110,'','2017-06-15',2630),(7884,'最大振幅函数',3109,'','2017-06-15',2630),(7885,'最大色散函数',3109,'','2017-06-15',2630),(7886,'动量压缩因子',3110,'','2017-06-15',2630),(7887,'辐射阻尼分配因子',3110,'','2017-06-15',2630),(7888,'辐射阻尼时间(6GeV）',3112,'','2017-06-15',2630),(7889,'数量',3110,'+1表示需 1块同样参数的备用磁铁','2017-06-15',2630),(7890,'有效长度',3109,'','2017-06-15',2630),(7891,'弦弧差',3113,'','2017-06-15',2630),(7892,'最高工作场强(6GeV)',3114,'','2017-06-15',2630),(7893,'最高工作场强(300MeV)',3114,'','2017-06-15',2630),(7894,'四极场最高工作场强梯度',3115,'','2017-06-15',2630),(7895,'弯转半径',3109,'','2017-06-15',2630),(7896,'缝隙高度',3113,'','2017-06-15',2630),(7897,'束流清晰区(全孔径）（HxV)',3116,'','2017-06-15',2630),(7898,'好场区范围内场均匀度，(deltaBL)/BL',3110,'距 束流中心线x<=±10mm,y<=± 13mm内','2017-06-15',2630),(7899,'上升时间',3112,'','2017-06-15',2630),(7900,'最高工作场梯度',3127,'','2017-06-15',2630),(7901,'磁铁半孔径',3113,'','2017-06-15',2630),(7902,'束流清晰区(半径)',3113,'','2017-06-15',2630),(7903,'好场区范围内高阶场分量',3110,'距束流中心线 r <=  ± 13mm内 ','2017-06-15',2630),(7904,'数量SF/SD',3110,'+2表示需 2块同样参数的备用磁铁','2017-06-15',2630),(7905,'有效长度SF/SD/SH',3109,'','2017-06-15',2630),(7906,'半孔径',3113,'','2017-06-15',2630),(7907,'数量,独立供电(H&V)',3110,'','2017-06-15',2630),(7908,'间隙',3113,'','2017-06-15',2630),(7909,'最高平均场强',3114,'','2017-06-15',2630),(7910,'束流清晰区H×V',3116,'','2017-06-15',2630),(7911,'短期稳定度',3117,'','2017-06-15',2630),(7912,'长期稳定度',3117,'','2017-06-15',2630),(7913,'重复性',3117,'','2017-06-15',2632),(7914,'跟踪精度',3117,'','2017-06-15',2630),(7915,'准确度',3117,'','2017-06-15',2630),(7916,'纹波',3117,'','2017-06-15',2630),(7917,'二极铁横向(x/y)安装偏差',3113,'','2017-06-15',2630),(7918,'二极铁纵向(z)安装偏差',3113,'','2017-06-15',2631),(7919,'二极铁绕z轴旋转偏差',3118,'','2017-06-15',2630),(7920,'二极铁绕x轴和Υ轴旋转偏差',3118,'','2017-06-15',2630),(7921,'四极铁横向(x/y)安装偏差',3113,'','2017-06-15',2630),(7922,'四极铁纵向(z)安装偏差',3113,'','2017-06-15',2631),(7923,'四极铁旋转(x/y/z)偏差',3118,'','2017-06-15',2630),(7924,'六极铁横向(x/y)安装偏差',3113,'','2017-06-15',2630),(7925,'六极铁纵向(z)安装偏差',3113,'','2017-06-15',2630),(7926,'六极铁旋转(x/y/z)偏差',3118,'','2017-06-15',2630),(7927,'校正子横向(x/y)安装偏差',3113,'','2017-06-15',2630),(7928,'校正子纵向(z)安装偏差',3113,'','2017-06-15',2631),(7929,'校正子旋转(x/y/z)偏差',3118,'','2017-06-15',2630),(7930,'弯转磁铁I型真空盒内壁尺寸',3116,'','2017-06-15',2630),(7931,'弯转磁铁I型真空盒内壁总长',3109,'','2017-06-15',2630),(7932,'弯转磁铁II型真空盒内壁尺寸',3116,'','2017-06-15',2630),(7933,'弯转磁铁II型真空盒内壁总长',3109,'','2017-06-15',2630),(7934,'其他地方内径',3113,'','2017-06-15',2630),(7935,'动态真空度',3119,'','2017-06-15',2630),(7936,'注入系统冲击磁铁(kicker)数量',3110,'','2017-06-15',2630),(7937,'注入系统切割磁铁(septum)数量',3110,'','2017-06-15',2630),(7938,'引出系统冲击磁铁(kicker)数量',3110,'','2017-06-15',2630),(7939,'引出系统切割磁铁(septum)数量',3110,'','2017-06-15',2630),(7940,'注入系统冲击磁铁(kicker)有效长度',3109,'','2017-06-15',2630),(7941,'注入系统冲击磁铁(kicker)场强',3114,'','2017-06-15',2630),(7942,'注入系统切割磁铁(septum)有效长度',3109,'','2017-06-15',2630),(7943,'注入系统切割磁铁(septum)场强',3114,'','2017-06-15',2630),(7944,'引出系统冲击磁铁(kicker)有效长度',3109,'','2017-06-15',2630),(7945,'引出系统冲击磁铁(kicker)场强',3114,'','2017-06-15',2630),(7946,'引出系统切割磁铁septum1有效长度',3109,'','2017-06-15',2630),(7947,'引出系统切割磁铁septum1场强',3114,'','2017-06-15',2630),(7948,'引出系统切割磁铁septum2有效长度',3109,'','2017-06-15',2630),(7949,'引出系统切割磁铁septum2场强',3114,'','2017-06-15',2630),(7950,'引出系统切割磁铁septum3有效长度',3109,'','2017-06-15',2630),(7951,'引出系统切割磁铁septum3场强',3114,'','2017-06-15',2630),(7952,'注入频率',3104,'','2017-06-15',2630),(7953,'注入模式1：单束团模式',3110,'','2017-06-15',2630),(7954,'注入模式2：多束团模式',3110,'','2017-06-15',2630),(7955,'注入系统冲击磁铁(kicker)操作模式',3110,'','2017-06-15',2630),(7956,'引出频率',3104,'','2017-06-15',2630),(7957,'引出模式',3110,'','2017-06-15',2630),(7958,'引出磁铁操作模式',3110,'','2017-06-15',2630),(7959,'Tune测量数量',3120,'','2017-06-15',2630),(7960,'DCCT数量',3120,'','2017-06-15',2630),(7961,'BCT数量',3120,'','2017-06-15',2630),(7962,'荧光靶探头数量',3110,'','2017-06-15',2630),(7963,'BPM数量',3110,'','2017-06-15',2630),(7964,'高频腔腔压',3111,'','2017-06-15',2630),(7965,'高频腔功率',3121,'','2017-06-15',2630),(7966,'高频腔幅度误差',3103,'','2017-06-15',2630),(7967,'高频腔相位误差',3122,'','2017-06-15',2630),(7968,'高频腔场平顶',3103,'','2017-06-15',2630),(7969,'',3110,'','2017-06-15',2630),(7970,'增强器辐射防护设计参数',3110,'','2017-06-15',2630),(7971,'长度',3109,'','2017-06-15',2630),(7972,'水平包络函数',3109,'','2017-06-15',2630),(7973,'垂直包络函数',3109,'','2017-06-15',2630),(7974,'色散函数',3109,'','2017-06-15',2630),(7975,'真空度',3119,'','2017-06-15',2630),(7976,'弯转角',3122,'','2017-06-15',2630),(7977,'最大场强',3114,'','2017-06-15',2630),(7978,'孔径',3113,'','2017-06-15',2630),(7979,'束流清晰区(直径)',3113,'3倍束团尺寸+4mm轨道误差','2017-06-15',2630),(7980,'最大场梯度',3115,'','2017-06-15',2630),(7981,'数量(H/V)',3110,'','2017-06-15',2630),(7982,'最大偏转角',3118,'','2017-06-15',2630),(7983,'二极铁横向(x)安装偏差',3113,'','2017-06-15',2631),(7984,'二极铁垂直(y)安装偏差',3113,'','2017-06-15',2631),(7985,'二极铁旋转(θx)安装偏差',3118,'','2017-06-15',2631),(7986,'二极铁旋转(θy)安装偏差',3118,'','2017-06-15',2631),(7987,'二极铁旋转(θz)安装偏差',3118,'','2017-06-15',2631),(7988,'四极铁横向(x)安装偏差',3113,'','2017-06-15',2631),(7989,'四极铁垂直(y)安装偏差',3113,'','2017-06-15',2631),(7990,'四极铁旋转(θx)安装偏差',3118,'','2017-06-15',2631),(7991,'四极铁旋转(θy)安装偏差',3118,'','2017-06-15',2631),(7992,'四极铁旋转(θz)安装偏差',3118,'','2017-06-15',2631),(7993,'校正子横向(x)安装偏差',3113,'','2017-06-15',2631),(7994,'校正子垂直(y)安装偏差',3113,'','2017-06-15',2631),(7995,'校正子旋转(θx)安装偏差',3118,'','2017-06-15',2631),(7996,'校正子旋转(θy)安装偏差',3118,'','2017-06-15',2631),(7997,'校正子旋转(θz)安装偏差',3118,'','2017-06-15',2631),(7998,'BPM分辨率',3123,'','2017-06-15',2630),(7999,'直径',3113,'','2017-06-15',2630),(8000,'运行能量',3107,'','2017-06-15',2630),(8001,'束流流强',3108,'','2017-06-15',2630),(8002,'束团数(低束团电荷模式/高束团电荷模式)',3110,'','2017-06-15',2630),(8003,'环周长',3109,'','2017-06-15',2630),(8004,'阻尼分配因子Jx/Jy/Jz',3110,'','2017-06-15',2630),(8005,'水平自然发射度',3124,'','2017-06-15',2630),(8006,'工作点(x/y/z)',3110,'','2017-06-15',2630),(8007,'自然色品(x/y)',3110,'','2017-06-15',2630),(8008,'7BA单元节数目',3110,'','2017-06-15',2630),(8009,'6米长直线节数目',3110,'','2017-06-15',2630),(8010,'长直线节中点包络函数(x/y)',3110,'','2017-06-15',2630),(8011,'阻尼时间(x/y/z)',3110,'','2017-06-15',2630),(8012,'每圈同步辐射能量损失(不考虑插入件)',3102,'','2017-06-15',2630),(8013,'每圈同步辐射能量损失(考虑10个插入件)',3102,'','2017-06-15',2630),(8014,'最大束流功率',3121,'','2017-06-15',2630),(8015,'自然能量散度(不考虑插入件)',3110,'','2017-06-15',2630),(8016,'基频高频腔电压(注入/运行)',3111,'对应不考虑插入件,每圈同步辐射能量损失为2.0MV的 情况','2017-06-15',2630),(8017,'基频高频腔频率',3098,'','2017-06-15',2630),(8018,'三次谐波腔电压(注入/运行)',3111,'对应不考虑插入件,每圈同步辐射能量损失为2.0MV的 情况','2017-06-15',2630),(8019,'三次谐波腔频率',3098,'','2017-06-15',2630),(8020,'自然束长(注入/运行)',3113,'','2017-06-15',2630),(8021,'等效磁长度(弧长)(s)',3109,'','2017-06-15',2630),(8022,'总弯转角度',3125,'','2017-06-15',2630),(8023,'磁场平台数目',3110,'','2017-06-15',2630),(8024,'磁场强度(B)',3114,'','2017-06-15',2630),(8025,'积分磁场的离散',3110,'','2017-06-15',2630),(8026,'积分磁场均匀度，(deltaBL)/BL',3110,'距 束流中心线x<=±12mm,y<=± 10mm内','2017-06-15',2630),(8027,'辅助绕组调节能力',3114,'','2017-06-15',2630),(8028,'弯转角度',3125,'','2017-06-15',2630),(8029,'场强(B)',3114,'','2017-06-15',2630),(8030,'梯度',3128,'','2017-06-15',2630),(8031,'积分高阶场分量BnL/B2L',3110,'距束流中心线 r<=±7mm内','2017-06-15',2630),(8032,'等效磁长度',3109,'','2017-06-15',2630),(8033,'最高梯度',3115,'','2017-06-15',2630),(8034,'需要引光的最小磁极间距',3113,'','2017-06-15',2630),(8035,'积分高阶场分量BnL/B3L',3110,'距束流中心线 r<=±10mm内','2017-06-15',2630),(8036,'积分高阶场分量BnL/B4L',3110,'距束流中心线 r<=±10mm内','2017-06-15',2630),(8037,'最大磁场强度',3114,'','2017-06-15',2630),(8038,'绝对精度',3117,'absolute accuracy referred to Imax','2017-06-15',2632),(8039,'稳定度(0-300ms)',3117,'stability referred to Imax','2017-06-15',2632),(8040,'稳定度(300ms-10s)',3117,'stability referred to Imax','2017-06-15',2632),(8041,'稳定度(10s-8h)',3117,'stability referred to Imax','2017-06-15',2632),(8042,'电流纹波',3117,'current ripple referred to Imax, 50 Hz and greater','2017-06-15',2632),(8043,'电源分组',3110,'','2017-06-15',2632),(8044,'束流寿命',3126,'','2017-06-15',2630),(8045,'其他地方真空盒内壁尺寸',3116,'','2017-06-15',2630),(8046,'注入电子束能量',3107,'','2017-06-15',2630),(8047,'注入束流强度',3108,'','2017-06-15',2630),(8048,'注入相稳定区(bucket)间距',3099,'','2017-06-15',2630),(8049,'注入相稳定区(bucket)个数',3110,'','2017-06-15',2630),(8050,'注入束团个数',3110,'','2017-06-15',2630),(8051,'注入束团最小间距',3099,'','2017-06-15',2630),(8052,'注入直线节长度',3109,'','2017-06-15',2630),(8053,'注入冲击磁铁总偏转量',3118,'','2017-06-15',2630),(8054,'注入方向',3110,'','2017-06-15',2630);
/*!40000 ALTER TABLE `parameter` ENABLE KEYS */;
UNLOCK TABLES;

--
-- Table structure for table `reference`
--

DROP TABLE IF EXISTS `reference`;
/*!40101 SET @saved_cs_client     = @@character_set_client */;
/*!40101 SET character_set_client = utf8 */;
CREATE TABLE `reference` (
  `Id` int(11) NOT NULL AUTO_INCREMENT,
  `Title` varchar(45) DEFAULT NULL,
  `Author` varchar(45) DEFAULT NULL,
  `Publication` varchar(45) DEFAULT NULL,
  `URL` varchar(45) DEFAULT NULL,
  `Keywords` varchar(45) DEFAULT NULL,
  PRIMARY KEY (`Id`)
) ENGINE=InnoDB AUTO_INCREMENT=2633 DEFAULT CHARSET=utf8;
/*!40101 SET character_set_client = @saved_cs_client */;

--
-- Dumping data for table `reference`
--

LOCK TABLES `reference` WRITE;
/*!40000 ALTER TABLE `reference` DISABLE KEYS */;
INSERT INTO `reference` VALUES (2629,'TPS直线加速器要求','','','',''),(2630,'','','','',''),(2631,'TPS设 计报告','','','',''),(2632,'NSLS-II PDR','','','','');
/*!40000 ALTER TABLE `reference` ENABLE KEYS */;
UNLOCK TABLES;

--
-- Table structure for table `system`
--

DROP TABLE IF EXISTS `system`;
/*!40101 SET @saved_cs_client     = @@character_set_client */;
/*!40101 SET character_set_client = utf8 */;
CREATE TABLE `system` (
  `Id` int(11) NOT NULL AUTO_INCREMENT,
  `Parent_id` int(11) DEFAULT NULL,
  `Name` varchar(45) DEFAULT NULL,
  PRIMARY KEY (`Id`),
  KEY `fk_parent_id_idx` (`Parent_id`)
) ENGINE=InnoDB AUTO_INCREMENT=8582 DEFAULT CHARSET=utf8;
/*!40101 SET character_set_client = @saved_cs_client */;

--
-- Dumping data for table `system`
--

LOCK TABLES `system` WRITE;
/*!40000 ALTER TABLE `system` DISABLE KEYS */;
INSERT INTO `system` VALUES (8525,NULL,''),(8526,8525,'直线加速器'),(8527,8525,'增强器'),(8528,8527,'增强器二极磁铁 BD 类型 I'),(8529,8527,'增强器二极磁铁 BD 类型 II'),(8530,8527,'增强器四极磁铁 '),(8531,8527,'增强器六极磁铁 '),(8532,8527,'增强器校正磁铁 '),(8533,8527,'增强器磁铁二极铁电源'),(8534,8527,'增强器磁铁四极铁电源'),(8535,8527,'增强器磁铁六极铁电源'),(8536,8527,'增强器磁铁校正子电源'),(8537,8527,'增强器磁铁安装公差'),(8538,8527,'增强器真空系统'),(8539,8527,'增强器注入引出系统'),(8540,8527,'增强器束测系统'),(8541,8527,'增强器高频系统'),(8542,NULL,'人员保护'),(8543,8542,'增强器辐射防护'),(8544,8525,'低能输运线'),(8545,8544,'低能输运线真空系统'),(8546,8544,'低能输运线切割磁铁'),(8547,8544,'低能输运线二极磁铁'),(8548,8544,'低能输运线四极磁铁'),(8549,8544,'低能输运线校正磁铁(H/V)'),(8550,8544,'低能输运线二极磁铁电源'),(8551,8544,'低能输运线四极磁铁电源'),(8552,8544,'低能输运线校正磁铁(H/V)电源'),(8553,8544,'低能输运线磁铁安装公差'),(8554,8525,'高能输运线'),(8555,8554,'高能输运线真空系统'),(8556,8554,'高能输运线二极磁铁'),(8557,8554,'高能输运线四极磁铁'),(8558,8554,'高能输运线校正磁铁(H/V)'),(8559,8554,'高能输运线二极磁铁电源'),(8560,8554,'高能输运线四极磁铁电源'),(8561,8554,'高能输运线校正磁铁(H/V)电源'),(8562,8554,'高能输运线磁铁安装公差'),(8563,8525,'主环'),(8564,8563,'主环弯转磁铁一型 (正向) (纵向梯度二极磁铁)'),(8565,8563,'主环弯转磁铁一型 (反向) (纵向梯度二极磁铁)'),(8566,8563,'主环弯转磁铁二型 (四极铁型二极铁)'),(8567,8563,'主环弯转磁铁三型 (四极铁型二极铁)'),(8568,8563,'主环四极铁一型(超高梯度四极铁)'),(8569,8563,'主环四极铁二型'),(8570,8563,'主环六极铁'),(8571,8563,'主环八极铁'),(8572,8563,'主环独立水平垂直校正磁铁 '),(8573,8563,'主环六极铁绑腿形式水平垂直校正磁铁 '),(8574,8563,'主环二极磁铁电源'),(8575,8563,'主环四极磁铁电源'),(8576,8563,'主环六极磁铁电源'),(8577,8563,'主环八极磁铁电源'),(8578,8563,'主环校正磁铁电源'),(8579,8563,'主环快校正磁铁电源'),(8580,8563,'主环真空系统'),(8581,8563,'主环注入引出系统');
/*!40000 ALTER TABLE `system` ENABLE KEYS */;
UNLOCK TABLES;

--
-- Table structure for table `team`
--

DROP TABLE IF EXISTS `team`;
/*!40101 SET @saved_cs_client     = @@character_set_client */;
/*!40101 SET character_set_client = utf8 */;
CREATE TABLE `team` (
  `Id` int(11) NOT NULL AUTO_INCREMENT,
  `Parent_id` int(11) DEFAULT NULL,
  `Name` varchar(45) DEFAULT NULL,
  `Manager_id` int(11) DEFAULT NULL,
  PRIMARY KEY (`Id`),
  KEY `fk_manager_id_idx` (`Manager_id`),
  CONSTRAINT `fk_manager_id` FOREIGN KEY (`Manager_id`) REFERENCES `manager` (`Id`) ON DELETE NO ACTION ON UPDATE NO ACTION
) ENGINE=InnoDB AUTO_INCREMENT=9513 DEFAULT CHARSET=utf8;
/*!40101 SET character_set_client = @saved_cs_client */;

--
-- Dumping data for table `team`
--

LOCK TABLES `team` WRITE;
/*!40000 ALTER TABLE `team` DISABLE KEYS */;
INSERT INTO `team` VALUES (9503,NULL,'加速器',NULL),(9504,9506,'物理',4725),(9505,9506,'电源',4725),(9506,NULL,'',NULL),(9507,9506,'准直',4725),(9508,9506,'真空',4725),(9509,9506,'束测',4725),(9510,9506,'高频',4725),(9511,NULL,'通用',NULL),(9512,9506,'人员保护',4725);
/*!40000 ALTER TABLE `team` ENABLE KEYS */;
UNLOCK TABLES;

--
-- Table structure for table `unit`
--

DROP TABLE IF EXISTS `unit`;
/*!40101 SET @saved_cs_client     = @@character_set_client */;
/*!40101 SET character_set_client = utf8 */;
CREATE TABLE `unit` (
  `Id` int(11) NOT NULL AUTO_INCREMENT,
  `Name` varchar(45) DEFAULT NULL,
  PRIMARY KEY (`Id`)
) ENGINE=InnoDB AUTO_INCREMENT=3129 DEFAULT CHARSET=utf8;
/*!40101 SET character_set_client = @saved_cs_client */;

--
-- Dumping data for table `unit`
--

LOCK TABLES `unit` WRITE;
/*!40000 ALTER TABLE `unit` DISABLE KEYS */;
INSERT INTO `unit` VALUES (3098,'MHz'),(3099,'ns'),(3100,'micro-sec'),(3101,'nC'),(3102,'MeV'),(3103,'%'),(3104,'Hz'),(3105,'nm.rad'),(3106,'ps'),(3107,'GeV'),(3108,'mA'),(3109,'m'),(3110,''),(3111,'MV'),(3112,'ms'),(3113,'mm'),(3114,'T'),(3115,'T/m'),(3116,'mm x mm'),(3117,'ppm'),(3118,'mrad'),(3119,'Torr'),(3120,'套'),(3121,'kW'),(3122,'degree'),(3123,'micro-m'),(3124,'pm'),(3125,'rad'),(3126,'hr'),(3127,'T/m^2'),(3128,'T/m^3');
/*!40000 ALTER TABLE `unit` ENABLE KEYS */;
UNLOCK TABLES;

--
-- Dumping events for database 'parameter_list'
--

--
-- Dumping routines for database 'parameter_list'
--
/*!40103 SET TIME_ZONE=@OLD_TIME_ZONE */;

/*!40101 SET SQL_MODE=@OLD_SQL_MODE */;
/*!40014 SET FOREIGN_KEY_CHECKS=@OLD_FOREIGN_KEY_CHECKS */;
/*!40014 SET UNIQUE_CHECKS=@OLD_UNIQUE_CHECKS */;
/*!40101 SET CHARACTER_SET_CLIENT=@OLD_CHARACTER_SET_CLIENT */;
/*!40101 SET CHARACTER_SET_RESULTS=@OLD_CHARACTER_SET_RESULTS */;
/*!40101 SET COLLATION_CONNECTION=@OLD_COLLATION_CONNECTION */;
/*!40111 SET SQL_NOTES=@OLD_SQL_NOTES */;

-- Dump completed on 2017-10-17 15:32:44
